{
  "trained_at": "2026-02-19T05:09:23.170394",
  "n_samples_train": 1597,
  "n_samples_val": 271,
  "input_shape": [
    60,
    51
  ],
  "config": {
    "sequence_length": 60,
    "n_features": 51,
    "kernel_size": 27,
    "dropout_rate": 0.09263103092182289,
    "learning_rate": 0.00013492834268013249,
    "batch_size": 64,
    "epochs": 150,
    "early_stopping_patience": 10,
    "multi_step": [
      1,
      7,
      30
    ]
  },
  "metrics": {
    "train_rmse_1d": 1.3214417821523254,
    "train_rmse_7d": 1.3120752716900426,
    "train_rmse_30d": 1.3024979786256285,
    "epochs_trained": 45,
    "val_rmse_1d": 1.0285325141714725,
    "val_rmse_7d": 1.0771977870645124,
    "val_rmse_30d": 1.2524606191508079
  },
  "version": "production",
  "model_path": "/Users/yonatanglanzman/src/crypto-prediction/models/artifacts/dlinear/dlinear_vproduction_20260219_063853.h5",
  "framework": "tensorflow",
  "model_type": "dlinear"
}