{
  "crypto": "BTC",
  "timestamp": "2026-02-14T20:39:11.878494",
  "pipeline_flags": {
    "tune": true,
    "walk_forward": false,
    "uncertainty": true,
    "advanced_mlflow": true
  },
  "config": {
    "sequence_length": 60,
    "epochs": 100,
    "batch_size": 64,
    "max_features": 50,
    "train_ratio": 0.7,
    "val_ratio": 0.15
  },
  "models": {
    "lstm": {
      "train_time_seconds": 882.4345321655273,
      "metrics": {
        "train_rmse_1d": 1.1054917301588263,
        "train_rmse_7d": 1.1231685967403204,
        "train_rmse_30d": 1.1428574404462626,
        "epochs_trained": 35,
        "val_rmse_1d": 2.962093957648123,
        "val_rmse_7d": 2.8895502555644543,
        "val_rmse_30d": 2.8535008879729857
      }
    },
    "transformer": {
      "train_time_seconds": 594.1706230640411,
      "metrics": {
        "train_rmse_1d": 1.173824754189592,
        "train_rmse_7d": 1.18140842588916,
        "train_rmse_30d": 1.206179607410044,
        "epochs_trained": 21,
        "val_rmse_1d": 3.1936268443756743,
        "val_rmse_7d": 3.0500902698731904,
        "val_rmse_30d": 2.969362727737699
      }
    },
    "lightgbm": {
      "train_time_seconds": 7.805960178375244,
      "metrics": {
        "train_mae": [
          0.16187647250837672,
          0.17047299049562206,
          0.24415722996422168
        ],
        "val_mae": [
          0.9283675019932457,
          0.9956600039688863,
          1.1744694351304745
        ]
      }
    },
    "ensemble": {
      "train_time_seconds": 10.928165912628174,
      "metrics": {}
    }
  },
  "hyperparameter_tuning": {
    "lstm": {
      "n_lstm_layers": 1,
      "lstm_units_0": 128,
      "n_dense_layers": 1,
      "dense_units_0": 64,
      "dropout_rate": 0.4632018060142943,
      "learning_rate": 0.00027430586177787196,
      "batch_size": 64,
      "use_bidirectional": true,
      "use_attention": true,
      "gradient_clip": 1.84582363692999
    },
    "transformer": {
      "d_model": 128,
      "num_heads": 8,
      "ff_dim": 256,
      "num_layers": 4,
      "dropout_rate": 0.17117472624904004,
      "learning_rate": 4.475065500006155e-05,
      "batch_size": 32,
      "warmup_steps": 880
    },
    "lightgbm": {
      "num_leaves": 11,
      "learning_rate": 0.28916804025659826,
      "feature_fraction": 0.9343920482048823,
      "bagging_fraction": 0.8783896824374792,
      "bagging_freq": 3,
      "min_child_samples": 25,
      "lambda_l1": 0.000605599089237291,
      "lambda_l2": 0.01002239679114334,
      "max_depth": 7,
      "n_estimators": 386
    }
  },
  "uncertainty_analysis": {
    "lstm": {
      "mean_ci_width": 1.9230647087097168,
      "median_ci_width": 1.9078880548477173,
      "mc_samples": 50
    },
    "transformer": {
      "mean_ci_width": 0.09608425199985504,
      "median_ci_width": 0.09614481031894684,
      "mc_samples": 50
    },
    "lightgbm": {
      "mean_uncertainty": 0.002662366433620031,
      "median_uncertainty": 8.881784197001252e-16
    }
  },
  "ensemble_evaluation": {
    "metrics": {
      "transformer_rmse": 10.366439187448465,
      "transformer_mae": 9.885175718926769,
      "transformer_mape": 84.67199023861653,
      "enhanced_lstm_rmse": 10.021797980624534,
      "enhanced_lstm_mae": 9.518790525876113,
      "enhanced_lstm_mape": 81.14684715849704,
      "lightgbm_rmse": 6.142564611346719,
      "lightgbm_mae": 5.42648252380118,
      "lightgbm_mape": 43.69310747566369,
      "ensemble_rmse": 8.95206791267566,
      "ensemble_mae": 8.419332943871883,
      "ensemble_mape": 71.14452534064405,
      "improvement_pct": -45.73827837543862
    },
    "weights": {
      "transformer": 0.35,
      "enhanced_lstm": 0.35,
      "lightgbm": 0.3
    }
  }
}