{
  "trained_at": "2026-02-22T14:23:30.225731",
  "n_samples_train": 3270,
  "n_samples_val": 163,
  "input_shape": [
    60,
    51
  ],
  "config": {
    "sequence_length": 60,
    "n_features": 51,
    "n_filters": 64,
    "kernel_size": 5,
    "n_blocks": 4,
    "dropout_rate": 0.20921234900373095,
    "learning_rate": 0.005550848532063986,
    "batch_size": 32,
    "epochs": 150,
    "early_stopping_patience": 10,
    "multi_step": [
      1,
      7,
      30
    ]
  },
  "metrics": {
    "train_rmse_1d": 0.9018913694600404,
    "train_rmse_7d": 0.9064079776532367,
    "train_rmse_30d": 0.8968825527484117,
    "epochs_trained": 13,
    "val_rmse_1d": 1.1910029052427114,
    "val_rmse_7d": 1.195822761880508,
    "val_rmse_30d": 1.2278895371195084
  },
  "version": "production",
  "model_path": "/Users/yonatanglanzman/src/crypto-prediction/models/artifacts/tcn/tcn_vproduction_20260222_143452.h5",
  "framework": "tensorflow",
  "model_type": "tcn"
}