{
  "trained_at": "2026-02-18T21:03:42.102755",
  "n_samples_train": 4797,
  "n_samples_val": 272,
  "input_shape": [
    60,
    51
  ],
  "config": {
    "sequence_length": 60,
    "n_features": 51,
    "n_filters": 64,
    "kernel_size": 2,
    "n_blocks": 4,
    "dropout_rate": 0.20990855298810754,
    "learning_rate": 0.000816845589476017,
    "batch_size": 32,
    "epochs": 150,
    "early_stopping_patience": 10,
    "multi_step": [
      1,
      7,
      30
    ]
  },
  "metrics": {
    "train_rmse_1d": 1.1035011547874811,
    "train_rmse_7d": 1.1108162464140863,
    "train_rmse_30d": 1.1162022615889082,
    "epochs_trained": 19,
    "val_rmse_1d": 0.837065333558957,
    "val_rmse_7d": 0.8441788148267642,
    "val_rmse_30d": 0.8837483800017714
  },
  "version": "production",
  "model_path": "/Users/yonatanglanzman/src/crypto-prediction/models/artifacts/tcn/tcn_vproduction_20260218_212927.h5",
  "framework": "tensorflow",
  "model_type": "tcn"
}