{
  "trained_at": "2026-02-22T00:26:05.488176",
  "n_samples_train": 4797,
  "n_samples_val": 272,
  "input_shape": [
    60,
    51
  ],
  "config": {
    "sequence_length": 60,
    "n_features": 51,
    "n_filters": 32,
    "kernel_size": 2,
    "n_blocks": 3,
    "dropout_rate": 0.19759909922897934,
    "learning_rate": 0.0005989003672254305,
    "batch_size": 64,
    "epochs": 150,
    "early_stopping_patience": 10,
    "multi_step": [
      1,
      7,
      30
    ]
  },
  "metrics": {
    "train_rmse_1d": 1.2634784185989645,
    "train_rmse_7d": 1.2708683712406628,
    "train_rmse_30d": 1.2925005132177125,
    "epochs_trained": 19,
    "val_rmse_1d": 0.7931914668208712,
    "val_rmse_7d": 0.7945019140369443,
    "val_rmse_30d": 0.769605442468647
  },
  "version": "production",
  "model_path": "/Users/yonatanglanzman/src/crypto-prediction/models/artifacts/tcn/tcn_vproduction_20260222_003855.h5",
  "framework": "tensorflow",
  "model_type": "tcn"
}