{
  "crypto": "LTC",
  "timestamp": "2026-02-21T11:53:31.644017",
  "pipeline_flags": {
    "tune": true,
    "walk_forward": true,
    "uncertainty": true,
    "advanced_mlflow": true
  },
  "config": {
    "sequence_length": 60,
    "epochs": 150,
    "batch_size": 32,
    "max_features": 50,
    "train_ratio": 0.7,
    "val_ratio": 0.15
  },
  "models": {
    "dlinear": {
      "train_time_seconds": 17.127163887023926,
      "metrics": {
        "train_rmse_1d": 1.0755248222415823,
        "train_rmse_7d": 1.067817486709556,
        "train_rmse_30d": 1.0551284856390526,
        "epochs_trained": 27,
        "val_rmse_1d": 0.8304019558989725,
        "val_rmse_7d": 0.8542778356696664,
        "val_rmse_30d": 0.9249473341233051
      },
      "directional_accuracy": {
        "1d": 0.5294117647058824,
        "7d": 0.47058823529411764,
        "30d": 0.4852941176470588
      }
    },
    "tcn": {
      "train_time_seconds": 146.6317880153656,
      "metrics": {
        "train_rmse_1d": 1.0869519268976386,
        "train_rmse_7d": 1.0877250218853751,
        "train_rmse_30d": 1.082531779608035,
        "epochs_trained": 24,
        "val_rmse_1d": 0.8419268540129985,
        "val_rmse_7d": 0.8489520878396906,
        "val_rmse_30d": 0.907447810377196
      },
      "directional_accuracy": {
        "1d": 0.5147058823529411,
        "7d": 0.4889705882352941,
        "30d": 0.5183823529411765
      }
    },
    "lstm": {
      "train_time_seconds": 961.3135569095612,
      "metrics": {
        "train_rmse_1d": 1.0941097747943003,
        "train_rmse_7d": 1.092444353559477,
        "train_rmse_30d": 1.0834810700042812,
        "epochs_trained": 45,
        "val_rmse_1d": 0.8382209773812058,
        "val_rmse_7d": 0.8532042151438386,
        "val_rmse_30d": 0.9082754658730516
      },
      "directional_accuracy": {
        "1d": 0.4963235294117647,
        "7d": 0.4889705882352941,
        "30d": 0.5073529411764706
      }
    },
    "transformer": {
      "train_time_seconds": 534.4192850589752,
      "metrics": {
        "train_rmse_1d": 1.1049987152786245,
        "train_rmse_7d": 1.1066466405348052,
        "train_rmse_30d": 1.0935554513235812,
        "epochs_trained": 16,
        "val_rmse_1d": 0.8397145165891886,
        "val_rmse_7d": 0.8577113052998313,
        "val_rmse_30d": 0.9239453776860475
      },
      "directional_accuracy": {
        "1d": 0.46691176470588236,
        "7d": 0.4963235294117647,
        "30d": 0.5147058823529411
      }
    },
    "lightgbm": {
      "train_time_seconds": 0.5576050281524658,
      "metrics": {
        "train_mae": [
          0.6813283541354936,
          0.7369804875218858,
          0.7339962011410762
        ],
        "val_mae": [
          0.5729855083903201,
          0.5927444549008168,
          0.6183706571089473
        ]
      },
      "directional_accuracy": {
        "1d": 0.5036764705882353,
        "7d": 0.5147058823529411,
        "30d": 0.5147058823529411
      }
    },
    "ensemble": {
      "train_time_seconds": 2.6330490112304688,
      "metrics": {}
    }
  },
  "hyperparameter_tuning": {
    "dlinear": {
      "kernel_size": 21,
      "dropout_rate": 0.05165745424044976,
      "learning_rate": 0.00019974780848562148,
      "batch_size": 64
    },
    "tcn": {
      "n_filters": 16,
      "kernel_size": 5,
      "n_blocks": 4,
      "dropout_rate": 0.35082184443307074,
      "learning_rate": 0.0027570853763212045,
      "batch_size": 64
    },
    "lightgbm": {
      "num_leaves": 64,
      "learning_rate": 0.06762754764491,
      "feature_fraction": 0.602208846849441,
      "bagging_fraction": 0.9261845713819337,
      "bagging_freq": 5,
      "min_child_samples": 76,
      "lambda_l1": 0.7183758655813989,
      "lambda_l2": 0.0019777828512462727,
      "max_depth": 5,
      "n_estimators": 146
    }
  },
  "uncertainty_analysis": {
    "dlinear": {
      "mean_ci_width": 0.4771338105201721,
      "median_ci_width": 0.48983287811279297,
      "mc_samples": 50
    },
    "tcn": {
      "mean_ci_width": 0.30752721428871155,
      "median_ci_width": 0.2809773087501526,
      "mc_samples": 50
    },
    "lstm": {
      "mean_ci_width": 0.08439361304044724,
      "median_ci_width": 0.08351537585258484,
      "mc_samples": 50
    },
    "transformer": {
      "mean_ci_width": 0.04180255904793739,
      "median_ci_width": 0.03938920795917511,
      "mc_samples": 50
    },
    "lightgbm": {
      "mean_uncertainty": 0.021376021172350487,
      "median_uncertainty": 0.010509313934340084
    }
  },
  "ensemble_evaluation": {
    "metrics": {
      "transformer_rmse": 0.8249888844869514,
      "transformer_mae": 0.588291044554793,
      "transformer_mape": 197.80311287551632,
      "enhanced_lstm_rmse": 0.8203854524756345,
      "enhanced_lstm_mae": 0.5889451235227894,
      "enhanced_lstm_mape": 157.0904454501532,
      "dlinear_rmse": 0.8408285437414826,
      "dlinear_mae": 0.6026875823653097,
      "dlinear_mape": 381.6400329212705,
      "tcn_rmse": 0.8173517432204757,
      "tcn_mae": 0.5831675650528968,
      "tcn_mape": 143.8338977776614,
      "lightgbm_rmse": 0.8387136370581333,
      "lightgbm_mae": 0.6045747539599906,
      "lightgbm_mape": 260.7234580930439,
      "ensemble_rmse": 0.8203059550731887,
      "ensemble_mae": 0.5821719626807115,
      "ensemble_mape": 168.71079115134114,
      "improvement_pct": -0.36143702845399944
    },
    "weights": {
      "dlinear": 0.20472540378187648,
      "tcn": 0.1976041228125384,
      "transformer": 0.19494382293905071,
      "enhanced_lstm": 0.20060332210832799,
      "lightgbm": 0.20212332835820648
    }
  }
}