{
  "crypto": "ETH",
  "timestamp": "2026-02-18T21:29:31.043198",
  "pipeline_flags": {
    "tune": true,
    "walk_forward": true,
    "uncertainty": true,
    "advanced_mlflow": true
  },
  "config": {
    "sequence_length": 60,
    "epochs": 150,
    "batch_size": 32,
    "max_features": 50,
    "train_ratio": 0.7,
    "val_ratio": 0.15
  },
  "models": {
    "dlinear": {
      "train_time_seconds": 26.514902114868164,
      "metrics": {
        "train_rmse_1d": 1.1038951873828349,
        "train_rmse_7d": 1.105222763496113,
        "train_rmse_30d": 1.1000561069092627,
        "epochs_trained": 30,
        "val_rmse_1d": 0.8661895700616281,
        "val_rmse_7d": 0.8796520851111239,
        "val_rmse_30d": 0.920630401549844
      },
      "directional_accuracy": {
        "1d": 0.5147058823529411,
        "7d": 0.5,
        "30d": 0.4522058823529412
      }
    },
    "tcn": {
      "train_time_seconds": 332.14749097824097,
      "metrics": {
        "train_rmse_1d": 1.1035011547874811,
        "train_rmse_7d": 1.1108162464140863,
        "train_rmse_30d": 1.1162022615889082,
        "epochs_trained": 19,
        "val_rmse_1d": 0.837065333558957,
        "val_rmse_7d": 0.8441788148267642,
        "val_rmse_30d": 0.8837483800017714
      },
      "directional_accuracy": {
        "1d": 0.47058823529411764,
        "7d": 0.5183823529411765,
        "30d": 0.5220588235294118
      }
    },
    "lstm": {
      "train_time_seconds": 943.7793216705322,
      "metrics": {
        "train_rmse_1d": 1.1248437708179573,
        "train_rmse_7d": 1.1230389012092348,
        "train_rmse_30d": 1.1222083997578305,
        "epochs_trained": 35,
        "val_rmse_1d": 0.8318102565916211,
        "val_rmse_7d": 0.8440528364877987,
        "val_rmse_30d": 0.8847838661026347
      },
      "directional_accuracy": {
        "1d": 0.4889705882352941,
        "7d": 0.5220588235294118,
        "30d": 0.4742647058823529
      }
    },
    "transformer": {
      "train_time_seconds": 561.311371088028,
      "metrics": {
        "train_rmse_1d": 1.1385703635614834,
        "train_rmse_7d": 1.1478047272888672,
        "train_rmse_30d": 1.1238259666247774,
        "epochs_trained": 30,
        "val_rmse_1d": 0.8301314149261959,
        "val_rmse_7d": 0.8675409694760198,
        "val_rmse_30d": 0.8971772281125775
      },
      "directional_accuracy": {
        "1d": 0.4963235294117647,
        "7d": 0.4742647058823529,
        "30d": 0.5477941176470589
      }
    },
    "lightgbm": {
      "train_time_seconds": 0.6669402122497559,
      "metrics": {
        "train_mae": [
          0.7609396708233905,
          0.7543705381150116,
          0.7518980763031741
        ],
        "val_mae": [
          0.5919413255816404,
          0.5963863588364203,
          0.6152728538341874
        ]
      },
      "directional_accuracy": {
        "1d": 0.4742647058823529,
        "7d": 0.5147058823529411,
        "30d": 0.5477941176470589
      }
    },
    "ensemble": {
      "train_time_seconds": 3.720412254333496,
      "metrics": {}
    }
  },
  "hyperparameter_tuning": {
    "dlinear": {
      "kernel_size": 27,
      "dropout_rate": 0.09263103092182289,
      "learning_rate": 0.00013492834268013249,
      "batch_size": 64
    },
    "tcn": {
      "n_filters": 64,
      "kernel_size": 2,
      "n_blocks": 4,
      "dropout_rate": 0.20990855298810754,
      "learning_rate": 0.000816845589476017,
      "batch_size": 32
    },
    "lightgbm": {
      "num_leaves": 39,
      "learning_rate": 0.09161013527789823,
      "feature_fraction": 0.934317426080811,
      "bagging_fraction": 0.6996309887877836,
      "bagging_freq": 2,
      "min_child_samples": 62,
      "lambda_l1": 1.8096180978575591,
      "lambda_l2": 1.8066175576310295,
      "max_depth": 4,
      "n_estimators": 351
    }
  },
  "uncertainty_analysis": {
    "dlinear": {
      "mean_ci_width": 1.6651225090026855,
      "median_ci_width": 1.6158101558685303,
      "mc_samples": 50
    },
    "tcn": {
      "mean_ci_width": 1.0712920427322388,
      "median_ci_width": 0.9486697912216187,
      "mc_samples": 50
    },
    "lstm": {
      "mean_ci_width": 0.17651353776454926,
      "median_ci_width": 0.14925678074359894,
      "mc_samples": 50
    },
    "transformer": {
      "mean_ci_width": 0.0,
      "median_ci_width": 0.0,
      "mc_samples": 50
    },
    "lightgbm": {
      "mean_uncertainty": 0.014827169456728514,
      "median_uncertainty": 0.013742602161453999
    }
  },
  "ensemble_evaluation": {
    "metrics": {
      "transformer_rmse": 0.9541591364525376,
      "transformer_mae": 0.6943968590718912,
      "transformer_mape": 130.15025323303007,
      "enhanced_lstm_rmse": 0.9475966976204317,
      "enhanced_lstm_mae": 0.6908621206479588,
      "enhanced_lstm_mape": 138.2353235740257,
      "dlinear_rmse": 1.0403296166711942,
      "dlinear_mae": 0.7820584281160552,
      "dlinear_mape": 314.0141280243444,
      "tcn_rmse": 0.9622170075508062,
      "tcn_mae": 0.701529747425027,
      "tcn_mape": 137.7551978311224,
      "lightgbm_rmse": 0.9497340110831491,
      "lightgbm_mae": 0.684910501021339,
      "lightgbm_mape": 107.57990484117106,
      "ensemble_rmse": 0.958010536980613,
      "ensemble_mae": 0.6937235822548415,
      "ensemble_mape": 135.67565567133144,
      "improvement_pct": -1.09897379194462
    },
    "weights": {
      "dlinear": 0.1911873578702578,
      "tcn": 0.20354421895639999,
      "transformer": 0.1935263860810676,
      "enhanced_lstm": 0.20635161935481156,
      "lightgbm": 0.20539041773746297
    }
  }
}