{
  "crypto": "LTC",
  "timestamp": "2026-02-19T01:42:29.069664",
  "pipeline_flags": {
    "tune": true,
    "walk_forward": true,
    "uncertainty": true,
    "advanced_mlflow": true
  },
  "config": {
    "sequence_length": 60,
    "epochs": 150,
    "batch_size": 32,
    "max_features": 50,
    "train_ratio": 0.7,
    "val_ratio": 0.15
  },
  "models": {
    "dlinear": {
      "train_time_seconds": 19.210354804992676,
      "metrics": {
        "train_rmse_1d": 1.1201761589358867,
        "train_rmse_7d": 1.1105336564251886,
        "train_rmse_30d": 1.1000141314508802,
        "epochs_trained": 17,
        "val_rmse_1d": 0.8440445132235649,
        "val_rmse_7d": 0.8504833281610986,
        "val_rmse_30d": 0.9095294893933343
      },
      "directional_accuracy": {
        "1d": 0.5404411764705882,
        "7d": 0.48161764705882354,
        "30d": 0.48161764705882354
      }
    },
    "tcn": {
      "train_time_seconds": 337.771009683609,
      "metrics": {
        "train_rmse_1d": 1.0860093498688927,
        "train_rmse_7d": 1.091118477345594,
        "train_rmse_30d": 1.086750521430067,
        "epochs_trained": 19,
        "val_rmse_1d": 0.8361807142041231,
        "val_rmse_7d": 0.8513186832348507,
        "val_rmse_30d": 0.909743817992929
      },
      "directional_accuracy": {
        "1d": 0.46691176470588236,
        "7d": 0.5073529411764706,
        "30d": 0.5183823529411765
      }
    },
    "lstm": {
      "train_time_seconds": 1584.7118499279022,
      "metrics": {
        "train_rmse_1d": 1.0904458112135353,
        "train_rmse_7d": 1.0899023935028866,
        "train_rmse_30d": 1.0838238692095068,
        "epochs_trained": 53,
        "val_rmse_1d": 0.8389180400137952,
        "val_rmse_7d": 0.8541048169457686,
        "val_rmse_30d": 0.9062869418413201
      },
      "directional_accuracy": {
        "1d": 0.47794117647058826,
        "7d": 0.48161764705882354,
        "30d": 0.47794117647058826
      }
    },
    "transformer": {
      "train_time_seconds": 850.2872602939606,
      "metrics": {
        "train_rmse_1d": 1.0966594536213605,
        "train_rmse_7d": 1.0943290342014351,
        "train_rmse_30d": 1.0902691220072416,
        "epochs_trained": 31,
        "val_rmse_1d": 0.8324979778218238,
        "val_rmse_7d": 0.8584883731359435,
        "val_rmse_30d": 0.9087225992582164
      },
      "directional_accuracy": {
        "1d": 0.4963235294117647,
        "7d": 0.49264705882352944,
        "30d": 0.5183823529411765
      }
    },
    "lightgbm": {
      "train_time_seconds": 1.0335330963134766,
      "metrics": {
        "train_mae": [
          0.6813283541354936,
          0.7369804875218858,
          0.7339962011410762
        ],
        "val_mae": [
          0.5729855083903201,
          0.5927444549008168,
          0.6183706571089473
        ]
      },
      "directional_accuracy": {
        "1d": 0.5036764705882353,
        "7d": 0.5147058823529411,
        "30d": 0.5147058823529411
      }
    },
    "ensemble": {
      "train_time_seconds": 4.597481966018677,
      "metrics": {}
    }
  },
  "hyperparameter_tuning": {
    "dlinear": {
      "kernel_size": 35,
      "dropout_rate": 0.22496875248039935,
      "learning_rate": 0.00032117361276679044,
      "batch_size": 64
    },
    "transformer": {
      "d_model": 64,
      "num_heads": 4,
      "ff_dim": 512,
      "num_layers": 3,
      "dropout_rate": 0.13476071785753893,
      "learning_rate": 0.00053236175947515,
      "batch_size": 32,
      "warmup_steps": 250
    },
    "lightgbm": {
      "num_leaves": 64,
      "learning_rate": 0.06762754764491,
      "feature_fraction": 0.602208846849441,
      "bagging_fraction": 0.9261845713819337,
      "bagging_freq": 5,
      "min_child_samples": 76,
      "lambda_l1": 0.7183758655813989,
      "lambda_l2": 0.0019777828512462727,
      "max_depth": 5,
      "n_estimators": 146
    }
  },
  "uncertainty_analysis": {
    "dlinear": {
      "mean_ci_width": 1.071807861328125,
      "median_ci_width": 1.1185550689697266,
      "mc_samples": 50
    },
    "tcn": {
      "mean_ci_width": 0.8314328193664551,
      "median_ci_width": 0.7609374523162842,
      "mc_samples": 50
    },
    "lstm": {
      "mean_ci_width": 0.06230907514691353,
      "median_ci_width": 0.05670379102230072,
      "mc_samples": 50
    },
    "transformer": {
      "mean_ci_width": 1.3430629905997193e-06,
      "median_ci_width": 0.0,
      "mc_samples": 50
    },
    "lightgbm": {
      "mean_uncertainty": 0.02155401898132669,
      "median_uncertainty": 0.010293515636895012
    }
  },
  "ensemble_evaluation": {
    "metrics": {
      "transformer_rmse": 0.8199863101700593,
      "transformer_mae": 0.5915935385701739,
      "transformer_mape": 208.87010004137528,
      "enhanced_lstm_rmse": 0.8237992569801192,
      "enhanced_lstm_mae": 0.5938983691724846,
      "enhanced_lstm_mape": 218.30070275228724,
      "dlinear_rmse": 0.8522093965742168,
      "dlinear_mae": 0.6135552179399227,
      "dlinear_mape": 409.6616560549944,
      "tcn_rmse": 0.8179702752767165,
      "tcn_mae": 0.5887842082808977,
      "tcn_mape": 257.30651481435956,
      "lightgbm_rmse": 0.8387136370581333,
      "lightgbm_mae": 0.6045747539599906,
      "lightgbm_mape": 260.7234580930439,
      "ensemble_rmse": 0.820736092669612,
      "ensemble_mae": 0.5874199550867061,
      "ensemble_mape": 182.62229160473433,
      "improvement_pct": -0.3381317728153179
    },
    "weights": {
      "dlinear": 0.20284888495960288,
      "tcn": 0.19809701841137656,
      "transformer": 0.20074442144439578,
      "enhanced_lstm": 0.19821596779059172,
      "lightgbm": 0.20009370739403293
    }
  }
}