{
  "crypto": "ETH",
  "timestamp": "2026-02-14T23:03:21.974717",
  "pipeline_flags": {
    "tune": true,
    "walk_forward": false,
    "uncertainty": true,
    "advanced_mlflow": true
  },
  "config": {
    "sequence_length": 60,
    "epochs": 100,
    "batch_size": 64,
    "max_features": 50,
    "train_ratio": 0.7,
    "val_ratio": 0.15
  },
  "models": {
    "lstm": {
      "train_time_seconds": 529.0418179035187,
      "metrics": {
        "train_rmse_1d": 0.2463012748895921,
        "train_rmse_7d": 0.2262623128439788,
        "train_rmse_30d": 0.29691326974920407,
        "epochs_trained": 28,
        "val_rmse_1d": 0.20916279567390797,
        "val_rmse_7d": 0.1939032509859145,
        "val_rmse_30d": 0.29917493312767945
      }
    },
    "transformer": {
      "train_time_seconds": 506.3145868778229,
      "metrics": {
        "train_rmse_1d": 0.16553877261868735,
        "train_rmse_7d": 0.16775336436676114,
        "train_rmse_30d": 0.29325869462716414,
        "epochs_trained": 23,
        "val_rmse_1d": 0.23832184676705828,
        "val_rmse_7d": 0.29329424881631966,
        "val_rmse_30d": 0.3665438896428164
      }
    },
    "lightgbm": {
      "train_time_seconds": 9.722842931747437,
      "metrics": {
        "train_mae": [
          0.01913107152769159,
          0.02670057051570419,
          0.01579172698542468
        ],
        "val_mae": [
          0.08256285830558674,
          0.16302051053405778,
          0.353950217703384
        ]
      }
    },
    "ensemble": {
      "train_time_seconds": 8.41598892211914,
      "metrics": {}
    }
  },
  "hyperparameter_tuning": {
    "lstm": {
      "n_lstm_layers": 3,
      "lstm_units_0": 64,
      "lstm_units_1": 128,
      "lstm_units_2": 64,
      "n_dense_layers": 2,
      "dense_units_0": 16,
      "dense_units_1": 32,
      "dropout_rate": 0.35257120734941083,
      "learning_rate": 0.0034827974366176905,
      "batch_size": 64,
      "use_bidirectional": true,
      "use_attention": false,
      "gradient_clip": 0.7418319308810066
    },
    "transformer": {
      "d_model": 128,
      "num_heads": 4,
      "ff_dim": 1024,
      "num_layers": 4,
      "dropout_rate": 0.1773824883145467,
      "learning_rate": 0.00020891426343856435,
      "batch_size": 32,
      "warmup_steps": 624
    },
    "lightgbm": {
      "num_leaves": 75,
      "learning_rate": 0.13417340301202116,
      "feature_fraction": 0.9866619276174678,
      "bagging_fraction": 0.9854479908357011,
      "bagging_freq": 6,
      "min_child_samples": 36,
      "lambda_l1": 0.008423423635296962,
      "lambda_l2": 2.5383218374507304,
      "max_depth": 5,
      "n_estimators": 167
    }
  },
  "uncertainty_analysis": {
    "lstm": {
      "mean_ci_width": 0.9070590734481812,
      "median_ci_width": 0.988235354423523,
      "mc_samples": 50
    },
    "transformer": {
      "mean_ci_width": 0.2030922770500183,
      "median_ci_width": 0.2146388590335846,
      "mc_samples": 50
    },
    "lightgbm": {
      "mean_uncertainty": 0.017431404166837763,
      "median_uncertainty": 0.009194884325276395
    }
  },
  "ensemble_evaluation": {
    "metrics": {
      "transformer_rmse": 0.4123058244342041,
      "transformer_mae": 0.3499648699449045,
      "transformer_mape": 37.71742536783956,
      "enhanced_lstm_rmse": 0.4574254771928923,
      "enhanced_lstm_mae": 0.3370826384790611,
      "enhanced_lstm_mape": 36.71867072954777,
      "lightgbm_rmse": 0.369941867110658,
      "lightgbm_mae": 0.28617397386632093,
      "lightgbm_mape": 32.18906993273221,
      "ensemble_rmse": 0.379089526159709,
      "ensemble_mae": 0.29193068368267405,
      "ensemble_mape": 30.425967194269475,
      "improvement_pct": -2.4727287885787437
    },
    "weights": {
      "transformer": 0.35,
      "enhanced_lstm": 0.35,
      "lightgbm": 0.3
    }
  }
}